Post ID,Title,Url,Author,Score,Publish Date,Total No. of Comments,Permalink,Flair
ejhxdy,Looking for papers that show and/or talk about the increase in mental health issues over the years.,https://www.reddit.com/r/AskAcademia/comments/ejhxdy/looking_for_papers_that_show_andor_talk_about_the/,purpleflaps,2,2020-01-03 17:41:55,3,/r/AskAcademia/comments/ejhxdy/looking_for_papers_that_show_andor_talk_about_the/,NaN
epmnd5,What would you think if a research assistant told you about their mental health problems?,https://www.reddit.com/r/AskAcademia/comments/epmnd5/what_would_you_think_if_a_research_assistant_told/,throwaway33333777777,1,2020-01-16 18:40:03,1,/r/AskAcademia/comments/epmnd5/what_would_you_think_if_a_research_assistant_told/,NaN
et3bxx,"I'm researching stress and mental health in American STEM doctoral students. If you've ever attended a doctoral program, please help me collect data by taking a short survey!",https://www.reddit.com/r/AskAcademia/comments/et3bxx/im_researching_stress_and_mental_health_in/,Some-Importance,1,2020-01-24 02:47:17,8,/r/AskAcademia/comments/et3bxx/im_researching_stress_and_mental_health_in/,STEM
evuth9,"We are researching mental health in academics, would you like to participate?",https://www.reddit.com/r/AskAcademia/comments/evuth9/we_are_researching_mental_health_in_academics/,KrombopulosJD,1,2020-01-29 23:45:44,0,/r/AskAcademia/comments/evuth9/we_are_researching_mental_health_in_academics/,Social Science
ey90r8,Mental Health/Wellness Resources for Postdocs,https://www.reddit.com/r/AskAcademia/comments/ey90r8/mental_healthwellness_resources_for_postdocs/,shortandspunky,1,2020-02-03 16:49:29,0,/r/AskAcademia/comments/ey90r8/mental_healthwellness_resources_for_postdocs/,NaN
ezaa7k,Mental health and hopelessness in academia,https://www.reddit.com/r/AskAcademia/comments/ezaa7k/mental_health_and_hopelessness_in_academia/,handicapped_runner,1,2020-02-05 15:24:17,3,/r/AskAcademia/comments/ezaa7k/mental_health_and_hopelessness_in_academia/,NaN
f512sz,How should I approach discussing mental health with professors?,https://www.reddit.com/r/AskAcademia/comments/f512sz/how_should_i_approach_discussing_mental_health/,lloza98,1,2020-02-17 02:47:09,5,/r/AskAcademia/comments/f512sz/how_should_i_approach_discussing_mental_health/,NaN
f7nj9l,My second project is destroying my mental health,https://www.reddit.com/r/AskAcademia/comments/f7nj9l/my_second_project_is_destroying_my_mental_health/,FrenchLlamas,1,2020-02-22 05:27:22,8,/r/AskAcademia/comments/f7nj9l/my_second_project_is_destroying_my_mental_health/,STEM
fa04jj,How to move past bad grades and mental health issues when you want to get into something specific?,https://www.reddit.com/r/AskAcademia/comments/fa04jj/how_to_move_past_bad_grades_and_mental_health/,FailExamination1234,1,2020-02-26 21:58:10,2,/r/AskAcademia/comments/fa04jj/how_to_move_past_bad_grades_and_mental_health/,NaN
faeyoj,Stigma/drawbacks to having accommodations for mental health?,https://www.reddit.com/r/AskAcademia/comments/faeyoj/stigmadrawbacks_to_having_accommodations_for/,HowSoDevereaux,1,2020-02-27 17:51:12,6,/r/AskAcademia/comments/faeyoj/stigmadrawbacks_to_having_accommodations_for/,Humanities
fec9bk,Should I tell my supervisor about my mental health issues?,https://www.reddit.com/r/AskAcademia/comments/fec9bk/should_i_tell_my_supervisor_about_my_mental/,AirinMan,1,2020-03-06 12:37:58,22,/r/AskAcademia/comments/fec9bk/should_i_tell_my_supervisor_about_my_mental/,NaN
filf9b,Need help with a research paper - Are mental Health Cases treated equally?,https://www.reddit.com/r/AskAcademia/comments/filf9b/need_help_with_a_research_paper_are_mental_health/,Rhallihan,1,2020-03-14 17:54:34,4,/r/AskAcademia/comments/filf9b/need_help_with_a_research_paper_are_mental_health/,NaN
fm3gnc,Hey everyone! I started a blog about my experiences with mental health and I'm trying to help as many people as possible by sharing my story. If you could subscribe to my site + share this with anyone you know that would be spectacular Here's the link: https://educkworth12.wixsite.com/unmaskyourself,https://www.reddit.com/r/AskAcademia/comments/fm3gnc/hey_everyone_i_started_a_blog_about_my/,mikesteinbeck,1,2020-03-20 22:48:23,1,/r/AskAcademia/comments/fm3gnc/hey_everyone_i_started_a_blog_about_my/,NaN
fpfasg,What do you do when being in your current department drains your mental-health?,https://www.reddit.com/r/AskAcademia/comments/fpfasg/what_do_you_do_when_being_in_your_current/,[deleted],0,2020-03-26 18:10:42,0,/r/AskAcademia/comments/fpfasg/what_do_you_do_when_being_in_your_current/,NaN
fxwdt5,"Applying for a PhD after years away from academia, poor mental health",https://www.reddit.com/r/AskAcademia/comments/fxwdt5/applying_for_a_phd_after_years_away_from_academia/,shesaladymouse,2,2020-04-09 19:15:15,9,/r/AskAcademia/comments/fxwdt5/applying_for_a_phd_after_years_away_from_academia/,Humanities
g5oj6e,How to address severe mental health issues with my professors?,https://www.reddit.com/r/AskAcademia/comments/g5oj6e/how_to_address_severe_mental_health_issues_with/,obatzdah,0,2020-04-21 23:50:59,9,/r/AskAcademia/comments/g5oj6e/how_to_address_severe_mental_health_issues_with/,Other
gf1r12,Telling mentor about mental health/disability??,https://www.reddit.com/r/AskAcademia/comments/gf1r12/telling_mentor_about_mental_healthdisability/,busymcbee,1,2020-05-07 09:06:30,3,/r/AskAcademia/comments/gf1r12/telling_mentor_about_mental_healthdisability/,Interpersonal Issues
gmc5uo,I constantly have panic attack whenever I sit in my desk trying to get my PhD work and end up doing nothing for a month now. I cry every day and sleep it off as a coping mechanism. This pandemic has been affecting my mental health terribly. ðŸ˜”,https://www.reddit.com/r/AskAcademia/comments/gmc5uo/i_constantly_have_panic_attack_whenever_i_sit_in/,ConstantAide,1,2020-05-19 00:47:44,84,/r/AskAcademia/comments/gmc5uo/i_constantly_have_panic_attack_whenever_i_sit_in/,Interpersonal Issues
hqq2w9,Mental Health advice you wish you got before starting?,https://www.reddit.com/r/AskAcademia/comments/hqq2w9/mental_health_advice_you_wish_you_got_before/,freeavocadoess,1,2020-07-14 01:12:41,11,/r/AskAcademia/comments/hqq2w9/mental_health_advice_you_wish_you_got_before/,Interpersonal Issues
hu8hnh,How to approach PI properly about mental health issues?,https://www.reddit.com/r/AskAcademia/comments/hu8hnh/how_to_approach_pi_properly_about_mental_health/,bi_scotti,4,2020-07-19 23:25:04,8,/r/AskAcademia/comments/hu8hnh/how_to_approach_pi_properly_about_mental_health/,STEM
insi5s,Hey :) Are you interested in a career in psychology/mental health/neuroscience?,https://www.reddit.com/r/AskAcademia/comments/insi5s/hey_are_you_interested_in_a_career_in/,ava_flava123,1,2020-09-06 21:42:01,4,/r/AskAcademia/comments/insi5s/hey_are_you_interested_in_a_career_in/,Social Science
irah9t,Starting a PhD in 2 weeks time - how do I protect my mental health long term?,https://www.reddit.com/r/AskAcademia/comments/irah9t/starting_a_phd_in_2_weeks_time_how_do_i_protect/,Major-Ostrich,1,2020-09-12 12:49:36,56,/r/AskAcademia/comments/irah9t/starting_a_phd_in_2_weeks_time_how_do_i_protect/,Interpersonal Issues
ivy1dp,Scientific articles on social isolation affecting health (physical/mental)?,https://www.reddit.com/r/AskAcademia/comments/ivy1dp/scientific_articles_on_social_isolation_affecting/,Friendly-foe21,1,2020-09-19 20:32:44,1,/r/AskAcademia/comments/ivy1dp/scientific_articles_on_social_isolation_affecting/,NaN
iy4fp9,What kind of questions should I use in the survey when knowing the effects of online classes on mental health and academic performance of a student?,https://www.reddit.com/r/AskAcademia/comments/iy4fp9/what_kind_of_questions_should_i_use_in_the_survey/,shuninnn,1,2020-09-23 07:42:52,3,/r/AskAcademia/comments/iy4fp9/what_kind_of_questions_should_i_use_in_the_survey/,STEM
iy4gnz,Questions to use in knowing the Effects of online classes in mental health and academic performance of a student.,https://www.reddit.com/r/AskAcademia/comments/iy4gnz/questions_to_use_in_knowing_the_effects_of_online/,shuninnn,1,2020-09-23 07:45:14,0,/r/AskAcademia/comments/iy4gnz/questions_to_use_in_knowing_the_effects_of_online/,STEM
j25w9p,"Iâ€™ve had a difficult relationship with my education due to mental health. Iâ€™m now back in school (again) and actually doing well for once, but my record is BAD. What are my options?",https://www.reddit.com/r/AskAcademia/comments/j25w9p/ive_had_a_difficult_relationship_with_my/,ohnoimreal,1,2020-09-29 21:05:39,3,/r/AskAcademia/comments/j25w9p/ive_had_a_difficult_relationship_with_my/,STEM
j66e9s,Confronting cohort member after they dealt with mental health issues,https://www.reddit.com/r/AskAcademia/comments/j66e9s/confronting_cohort_member_after_they_dealt_with/,Ok_Mathematician5495,1,2020-10-06 16:50:25,2,/r/AskAcademia/comments/j66e9s/confronting_cohort_member_after_they_dealt_with/,Interpersonal Issues
j7m36a,How can I ask my professors for a break to focus on my mental health?,https://www.reddit.com/r/AskAcademia/comments/j7m36a/how_can_i_ask_my_professors_for_a_break_to_focus/,livin_the_dream_,1,2020-10-08 23:37:34,4,/r/AskAcademia/comments/j7m36a/how_can_i_ask_my_professors_for_a_break_to_focus/,"Undergraduate - please post in /r/College, not here"
j9u9vt,Postgrad student here. I feel like reading research papers is impossible and it's affecting my mental health. How do you do it?,https://www.reddit.com/r/AskAcademia/comments/j9u9vt/postgrad_student_here_i_feel_like_reading/,TAdudeman,1,2020-10-12 18:36:58,9,/r/AskAcademia/comments/j9u9vt/postgrad_student_here_i_feel_like_reading/,"Professional Fields - Law, Business, etc."
juqxlb,Experiments vs Mental Health for Project-based Researchers,https://www.reddit.com/r/AskAcademia/comments/juqxlb/experiments_vs_mental_health_for_projectbased/,AmbitiousWerewolf589,11,2020-11-15 19:43:47,10,/r/AskAcademia/comments/juqxlb/experiments_vs_mental_health_for_projectbased/,STEM
jzvk6s,Low gpa due to some mental health problems affecting my grades. Can i still get into the colleges I want?,https://www.reddit.com/r/AskAcademia/comments/jzvk6s/low_gpa_due_to_some_mental_health_problems/,mcheehee,1,2020-11-24 02:45:39,6,/r/AskAcademia/comments/jzvk6s/low_gpa_due_to_some_mental_health_problems/,"Admissions -  please post in /r/gradadmissions, not here"
k3qehq,Mental health and grad school exhaustion,https://www.reddit.com/r/AskAcademia/comments/k3qehq/mental_health_and_grad_school_exhaustion/,DoingJustOkay,1,2020-11-30 07:25:52,1,/r/AskAcademia/comments/k3qehq/mental_health_and_grad_school_exhaustion/,Interpersonal Issues
